board,pin_title,pin_description,destination_url,source_image_path,color_token
Pilates Starter Guide,Free Pilates starter decision guide,"Choose between mat, Reformer, online, or studio Pilates with a clear beginner guide from Pilates Explained.",https://pilatesexplained.com/?utm_source=pinterest&utm_medium=organic&utm_campaign=launch_2026&utm_content=starter_guide#newsletter,assets/brand/site-banner.svg,purple
Pilates Starter Guide,"Mat, Reformer, online, or studio?","Use the Pilates Starter Decision Guide to compare class formats, equipment, rough costs, and beginner tradeoffs before you book.",https://pilatesexplained.com/?utm_source=pinterest&utm_medium=organic&utm_campaign=launch_2026&utm_content=starter_guide#newsletter,assets/graphics/graphic-4-three-paths-hero.svg,purple
Pilates Starter Guide,Before your first Reformer class,"Get a beginner-friendly Pilates guide that explains the Reformer, spring resistance, studio language, and first-class decisions.",https://pilatesexplained.com/?utm_source=pinterest&utm_medium=organic&utm_campaign=launch_2026&utm_content=starter_guide#newsletter,assets/graphics/blueprint-reformer.png,purple
Pilates Starter Guide,Pilates decision guide for beginners,"Download the Pilates Explained starter guide for clear, brand-neutral help choosing your first Pilates path.",https://pilatesexplained.com/?utm_source=pinterest&utm_medium=organic&utm_campaign=launch_2026&utm_content=starter_guide#newsletter,assets/dossier-slides/biomechanical-dossier-slide-08.jpg,purple
Pilates History,Clara Pilates: The Untold Partner: beginner guide,"Read a clear Pilates history guide with context on Contrology, equipment, lineage, studio culture, and how the method reached modern beginners.",https://pilatesexplained.com/articles/clara-pilates-untold-partner.html?utm_source=pinterest&utm_medium=organic&utm_campaign=launch_2026&utm_content=clara_pilates_untold_partner,assets/graphics/dossier-elders.png,teal
Pilates History,Clara Pilates: The Untold Partner: history and context,"Read a clear Pilates history guide with context on Contrology, equipment, lineage, studio culture, and how the method reached modern beginners. Save this Pilates Explained article for beginner research, class planning, and method context.",https://pilatesexplained.com/articles/clara-pilates-untold-partner.html?utm_source=pinterest&utm_medium=organic&utm_campaign=launch_2026&utm_content=clara_pilates_untold_partner,assets/graphics/dossier-elders.png,teal
Pilates History,Clara Pilates: The Untold Partner: what to know,"Read a clear Pilates history guide with context on Contrology, equipment, lineage, studio culture, and how the method reached modern beginners. A clear editorial explainer for Pilates beginners, teachers, and curious movers.",https://pilatesexplained.com/articles/clara-pilates-untold-partner.html?utm_source=pinterest&utm_medium=organic&utm_campaign=launch_2026&utm_content=clara_pilates_untold_partner,assets/graphics/dossier-elders.png,teal
Pilates Method Comparisons,"Classical, Modern, or Lagree How to Choose What Fits You: beginner guide","Learn how Lagree differs from Pilates as a separate proprietary fitness system, with different equipment, tempo, programming, and business structure.",https://pilatesexplained.com/articles/classical-modern-lagree-how-to-choose.html?utm_source=pinterest&utm_medium=organic&utm_campaign=launch_2026&utm_content=classical_modern_lagree_how_to_choose,assets/graphics/graphic-4-three-paths-hero.svg,teal
Pilates Method Comparisons,"Classical, Modern, or Lagree How to Choose What Fits You: history and context","Learn how Lagree differs from Pilates as a separate proprietary fitness system, with different equipment, tempo, programming, and business structure. Save this Pilates Explained article for beginner research, class planning, and method context.",https://pilatesexplained.com/articles/classical-modern-lagree-how-to-choose.html?utm_source=pinterest&utm_medium=organic&utm_campaign=launch_2026&utm_content=classical_modern_lagree_how_to_choose,assets/graphics/graphic-4-three-paths-hero.svg,teal
Pilates Method Comparisons,"Classical, Modern, or Lagree How to Choose What Fits You: what to know","Learn how Lagree differs from Pilates as a separate proprietary fitness system, with different equipment, tempo, programming, and business structure. A clear editorial explainer for Pilates beginners, teachers, and curious movers.",https://pilatesexplained.com/articles/classical-modern-lagree-how-to-choose.html?utm_source=pinterest&utm_medium=organic&utm_campaign=launch_2026&utm_content=classical_modern_lagree_how_to_choose,assets/graphics/graphic-4-three-paths-hero.svg,teal
Pilates Method Comparisons,Classical vs Contemporary Pilates: beginner guide,"Compare classical Pilates, contemporary Pilates, and separate adjacent systems so beginners can choose a first class more clearly.",https://pilatesexplained.com/articles/classical-vs-contemporary-pilates.html?utm_source=pinterest&utm_medium=organic&utm_campaign=launch_2026&utm_content=classical_vs_contemporary_pilates,assets/graphics/dossier-modern.png,teal
Pilates Method Comparisons,Classical vs Contemporary Pilates: history and context,"Compare classical Pilates, contemporary Pilates, and separate adjacent systems so beginners can choose a first class more clearly. Save this Pilates Explained article for beginner research, class planning, and method context.",https://pilatesexplained.com/articles/classical-vs-contemporary-pilates.html?utm_source=pinterest&utm_medium=organic&utm_campaign=launch_2026&utm_content=classical_vs_contemporary_pilates,assets/graphics/dossier-modern.png,teal
Pilates Method Comparisons,Classical vs Contemporary Pilates: what to know,"Compare classical Pilates, contemporary Pilates, and separate adjacent systems so beginners can choose a first class more clearly. A clear editorial explainer for Pilates beginners, teachers, and curious movers.",https://pilatesexplained.com/articles/classical-vs-contemporary-pilates.html?utm_source=pinterest&utm_medium=organic&utm_campaign=launch_2026&utm_content=classical_vs_contemporary_pilates,assets/graphics/dossier-modern.png,teal
Pilates Method Comparisons,"Classical and Modern Pilates Same Roots, Different Branches: beginner guide","Compare classical Pilates, contemporary Pilates, and separate adjacent systems so beginners can choose a first class more clearly.",https://pilatesexplained.com/articles/classical-vs-modern-pilates-explained.html?utm_source=pinterest&utm_medium=organic&utm_campaign=launch_2026&utm_content=classical_vs_modern_pilates_explained,assets/graphics/graphic-1-reformer-blueprint.svg,teal
Pilates Method Comparisons,"Classical and Modern Pilates Same Roots, Different Branches: history and context","Compare classical Pilates, contemporary Pilates, and separate adjacent systems so beginners can choose a first class more clearly. Save this Pilates Explained article for beginner research, class planning, and method context.",https://pilatesexplained.com/articles/classical-vs-modern-pilates-explained.html?utm_source=pinterest&utm_medium=organic&utm_campaign=launch_2026&utm_content=classical_vs_modern_pilates_explained,assets/graphics/graphic-1-reformer-blueprint.svg,teal
Pilates Method Comparisons,"Classical and Modern Pilates Same Roots, Different Branches: what to know","Compare classical Pilates, contemporary Pilates, and separate adjacent systems so beginners can choose a first class more clearly. A clear editorial explainer for Pilates beginners, teachers, and curious movers.",https://pilatesexplained.com/articles/classical-vs-modern-pilates-explained.html?utm_source=pinterest&utm_medium=organic&utm_campaign=launch_2026&utm_content=classical_vs_modern_pilates_explained,assets/graphics/graphic-1-reformer-blueprint.svg,teal
Pilates Equipment Explained,History of the Pilates Cadillac: beginner guide,"Explore the Pilates Cadillac, trapeze table, springs, bars, support, and rehabilitation roots in Pilates equipment history.",https://pilatesexplained.com/articles/history-of-the-cadillac.html?utm_source=pinterest&utm_medium=organic&utm_campaign=launch_2026&utm_content=history_of_the_cadillac,assets/graphics/blueprint-cadillac.png,teal
Pilates Equipment Explained,History of the Pilates Cadillac: history and context,"Explore the Pilates Cadillac, trapeze table, springs, bars, support, and rehabilitation roots in Pilates equipment history. Save this Pilates Explained article for beginner research, class planning, and method context.",https://pilatesexplained.com/articles/history-of-the-cadillac.html?utm_source=pinterest&utm_medium=organic&utm_campaign=launch_2026&utm_content=history_of_the_cadillac,assets/graphics/blueprint-cadillac.png,teal
Pilates Equipment Explained,History of the Pilates Cadillac: what to know,"Explore the Pilates Cadillac, trapeze table, springs, bars, support, and rehabilitation roots in Pilates equipment history. A clear editorial explainer for Pilates beginners, teachers, and curious movers.",https://pilatesexplained.com/articles/history-of-the-cadillac.html?utm_source=pinterest&utm_medium=organic&utm_campaign=launch_2026&utm_content=history_of_the_cadillac,assets/graphics/blueprint-cadillac.png,teal
Pilates Equipment Explained,History of the Pilates Reformer: beginner guide,"Understand the Pilates Reformer, spring resistance, carriage movement, and beginner-friendly equipment context before your first class.",https://pilatesexplained.com/articles/history-of-the-reformer.html?utm_source=pinterest&utm_medium=organic&utm_campaign=launch_2026&utm_content=history_of_the_reformer,assets/graphics/blueprint-reformer.png,teal
Pilates Equipment Explained,History of the Pilates Reformer: history and context,"Understand the Pilates Reformer, spring resistance, carriage movement, and beginner-friendly equipment context before your first class. Save this Pilates Explained article for beginner research, class planning, and method context.",https://pilatesexplained.com/articles/history-of-the-reformer.html?utm_source=pinterest&utm_medium=organic&utm_campaign=launch_2026&utm_content=history_of_the_reformer,assets/graphics/blueprint-reformer.png,teal
Pilates Equipment Explained,History of the Pilates Reformer: what to know,"Understand the Pilates Reformer, spring resistance, carriage movement, and beginner-friendly equipment context before your first class. A clear editorial explainer for Pilates beginners, teachers, and curious movers.",https://pilatesexplained.com/articles/history-of-the-reformer.html?utm_source=pinterest&utm_medium=organic&utm_campaign=launch_2026&utm_content=history_of_the_reformer,assets/graphics/blueprint-reformer.png,teal
Pilates Equipment Explained,History of the Wunda Chair: beginner guide,"Learn how the Wunda Chair uses a compact spring-loaded pedal for balance, strength, upright control, and Pilates equipment training.",https://pilatesexplained.com/articles/history-of-the-wunda-chair.html?utm_source=pinterest&utm_medium=organic&utm_campaign=launch_2026&utm_content=history_of_the_wunda_chair,assets/graphics/blueprint-chair.png,teal
Pilates Equipment Explained,History of the Wunda Chair: history and context,"Learn how the Wunda Chair uses a compact spring-loaded pedal for balance, strength, upright control, and Pilates equipment training. Save this Pilates Explained article for beginner research, class planning, and method context.",https://pilatesexplained.com/articles/history-of-the-wunda-chair.html?utm_source=pinterest&utm_medium=organic&utm_campaign=launch_2026&utm_content=history_of_the_wunda_chair,assets/graphics/blueprint-chair.png,teal
Pilates Equipment Explained,History of the Wunda Chair: what to know,"Learn how the Wunda Chair uses a compact spring-loaded pedal for balance, strength, upright control, and Pilates equipment training. A clear editorial explainer for Pilates beginners, teachers, and curious movers.",https://pilatesexplained.com/articles/history-of-the-wunda-chair.html?utm_source=pinterest&utm_medium=organic&utm_campaign=launch_2026&utm_content=history_of_the_wunda_chair,assets/graphics/blueprint-chair.png,teal
Pilates History,Pilates and Dance History: beginner guide,"Read a clear Pilates history guide with context on Contrology, equipment, lineage, studio culture, and how the method reached modern beginners.",https://pilatesexplained.com/articles/pilates-and-dance-history.html?utm_source=pinterest&utm_medium=organic&utm_campaign=launch_2026&utm_content=pilates_and_dance_history,assets/graphics/dossier-dancers.png,teal
Pilates History,Pilates and Dance History: history and context,"Read a clear Pilates history guide with context on Contrology, equipment, lineage, studio culture, and how the method reached modern beginners. Save this Pilates Explained article for beginner research, class planning, and method context.",https://pilatesexplained.com/articles/pilates-and-dance-history.html?utm_source=pinterest&utm_medium=organic&utm_campaign=launch_2026&utm_content=pilates_and_dance_history,assets/graphics/dossier-dancers.png,teal
Pilates History,Pilates and Dance History: what to know,"Read a clear Pilates history guide with context on Contrology, equipment, lineage, studio culture, and how the method reached modern beginners. A clear editorial explainer for Pilates beginners, teachers, and curious movers.",https://pilatesexplained.com/articles/pilates-and-dance-history.html?utm_source=pinterest&utm_medium=organic&utm_campaign=launch_2026&utm_content=pilates_and_dance_history,assets/graphics/dossier-dancers.png,teal
Beginner Pilates,Pilates and Lower Back Pain: What the Evidence Says: beginner guide,"Review cautious evidence-aware guidance on Pilates and lower-back pain, with practical questions for beginners and instructors.",https://pilatesexplained.com/articles/pilates-and-lower-back-pain-evidence.html?utm_source=pinterest&utm_medium=organic&utm_campaign=launch_2026&utm_content=pilates_and_lower_back_pain_evidence,assets/graphics/dossier-pillars.png,teal
Beginner Pilates,Pilates and Lower Back Pain: What the Evidence Says: history and context,"Review cautious evidence-aware guidance on Pilates and lower-back pain, with practical questions for beginners and instructors. Save this Pilates Explained article for beginner research, class planning, and method context.",https://pilatesexplained.com/articles/pilates-and-lower-back-pain-evidence.html?utm_source=pinterest&utm_medium=organic&utm_campaign=launch_2026&utm_content=pilates_and_lower_back_pain_evidence,assets/graphics/dossier-pillars.png,teal
Beginner Pilates,Pilates and Lower Back Pain: What the Evidence Says: what to know,"Review cautious evidence-aware guidance on Pilates and lower-back pain, with practical questions for beginners and instructors. A clear editorial explainer for Pilates beginners, teachers, and curious movers.",https://pilatesexplained.com/articles/pilates-and-lower-back-pain-evidence.html?utm_source=pinterest&utm_medium=organic&utm_campaign=launch_2026&utm_content=pilates_and_lower_back_pain_evidence,assets/graphics/dossier-pillars.png,teal
Pilates Equipment Explained,Pilates Barrels and Spinal Decompression: beginner guide,"Explore Pilates barrels, spinal extension, posture, breathing, decompression, and the equipment ecosystem in plain language.",https://pilatesexplained.com/articles/pilates-barrels-and-spinal-decompression.html?utm_source=pinterest&utm_medium=organic&utm_campaign=launch_2026&utm_content=pilates_barrels_and_spinal_decompression,assets/graphics/blueprint-barrels.png,teal
Pilates Equipment Explained,Pilates Barrels and Spinal Decompression: history and context,"Explore Pilates barrels, spinal extension, posture, breathing, decompression, and the equipment ecosystem in plain language. Save this Pilates Explained article for beginner research, class planning, and method context.",https://pilatesexplained.com/articles/pilates-barrels-and-spinal-decompression.html?utm_source=pinterest&utm_medium=organic&utm_campaign=launch_2026&utm_content=pilates_barrels_and_spinal_decompression,assets/graphics/blueprint-barrels.png,teal
Pilates Equipment Explained,Pilates Barrels and Spinal Decompression: what to know,"Explore Pilates barrels, spinal extension, posture, breathing, decompression, and the equipment ecosystem in plain language. A clear editorial explainer for Pilates beginners, teachers, and curious movers.",https://pilatesexplained.com/articles/pilates-barrels-and-spinal-decompression.html?utm_source=pinterest&utm_medium=organic&utm_campaign=launch_2026&utm_content=pilates_barrels_and_spinal_decompression,assets/graphics/blueprint-barrels.png,teal
Pilates History,The Pilates Elders and Lineage: beginner guide,"Read a clear Pilates history guide with context on Contrology, equipment, lineage, studio culture, and how the method reached modern beginners.",https://pilatesexplained.com/articles/pilates-elders-lineage.html?utm_source=pinterest&utm_medium=organic&utm_campaign=launch_2026&utm_content=pilates_elders_lineage,assets/graphics/dossier-elders.png,teal
Pilates History,The Pilates Elders and Lineage: history and context,"Read a clear Pilates history guide with context on Contrology, equipment, lineage, studio culture, and how the method reached modern beginners. Save this Pilates Explained article for beginner research, class planning, and method context.",https://pilatesexplained.com/articles/pilates-elders-lineage.html?utm_source=pinterest&utm_medium=organic&utm_campaign=launch_2026&utm_content=pilates_elders_lineage,assets/graphics/dossier-elders.png,teal
Pilates History,The Pilates Elders and Lineage: what to know,"Read a clear Pilates history guide with context on Contrology, equipment, lineage, studio culture, and how the method reached modern beginners. A clear editorial explainer for Pilates beginners, teachers, and curious movers.",https://pilatesexplained.com/articles/pilates-elders-lineage.html?utm_source=pinterest&utm_medium=organic&utm_campaign=launch_2026&utm_content=pilates_elders_lineage,assets/graphics/dossier-elders.png,teal
Pilates History,The Prison Camp Origins of Pilates: beginner guide,"Read a clear Pilates history guide with context on Contrology, equipment, lineage, studio culture, and how the method reached modern beginners.",https://pilatesexplained.com/articles/pilates-prison-camp-origins.html?utm_source=pinterest&utm_medium=organic&utm_campaign=launch_2026&utm_content=pilates_prison_camp_origins,assets/graphics/dossier-bednasium.png,teal
Pilates History,The Prison Camp Origins of Pilates: history and context,"Read a clear Pilates history guide with context on Contrology, equipment, lineage, studio culture, and how the method reached modern beginners. Save this Pilates Explained article for beginner research, class planning, and method context.",https://pilatesexplained.com/articles/pilates-prison-camp-origins.html?utm_source=pinterest&utm_medium=organic&utm_campaign=launch_2026&utm_content=pilates_prison_camp_origins,assets/graphics/dossier-bednasium.png,teal
Pilates History,The Prison Camp Origins of Pilates: what to know,"Read a clear Pilates history guide with context on Contrology, equipment, lineage, studio culture, and how the method reached modern beginners. A clear editorial explainer for Pilates beginners, teachers, and curious movers.",https://pilatesexplained.com/articles/pilates-prison-camp-origins.html?utm_source=pinterest&utm_medium=organic&utm_campaign=launch_2026&utm_content=pilates_prison_camp_origins,assets/graphics/dossier-bednasium.png,teal
Pilates Method Comparisons,Pilates vs Yoga: History of Two Parallel Methods: beginner guide,"Compare Pilates and yoga through origins, movement goals, breath, mat practice, and historical development without collapsing the two methods.",https://pilatesexplained.com/articles/pilates-vs-yoga-history-of-two-parallel-methods.html?utm_source=pinterest&utm_medium=organic&utm_campaign=launch_2026&utm_content=pilates_vs_yoga_history_of_two_parallel_methods,assets/brand/site-banner.svg,teal
Pilates Method Comparisons,Pilates vs Yoga: History of Two Parallel Methods: history and context,"Compare Pilates and yoga through origins, movement goals, breath, mat practice, and historical development without collapsing the two methods. Save this Pilates Explained article for beginner research, class planning, and method context.",https://pilatesexplained.com/articles/pilates-vs-yoga-history-of-two-parallel-methods.html?utm_source=pinterest&utm_medium=organic&utm_campaign=launch_2026&utm_content=pilates_vs_yoga_history_of_two_parallel_methods,assets/brand/site-banner.svg,teal
Pilates Method Comparisons,Pilates vs Yoga: History of Two Parallel Methods: what to know,"Compare Pilates and yoga through origins, movement goals, breath, mat practice, and historical development without collapsing the two methods. A clear editorial explainer for Pilates beginners, teachers, and curious movers.",https://pilatesexplained.com/articles/pilates-vs-yoga-history-of-two-parallel-methods.html?utm_source=pinterest&utm_medium=organic&utm_campaign=launch_2026&utm_content=pilates_vs_yoga_history_of_two_parallel_methods,assets/brand/site-banner.svg,teal
Beginner Pilates,What Actually Happens in Your First Pilates Class: beginner guide,"Know what to wear, what cues you may hear, and what actually happens in a beginner Pilates class before you walk in.",https://pilatesexplained.com/articles/what-happens-first-pilates-class.html?utm_source=pinterest&utm_medium=organic&utm_campaign=launch_2026&utm_content=what_happens_first_pilates_class,assets/graphics/blueprint-reformer.png,teal
Beginner Pilates,What Actually Happens in Your First Pilates Class: history and context,"Know what to wear, what cues you may hear, and what actually happens in a beginner Pilates class before you walk in. Save this Pilates Explained article for beginner research, class planning, and method context.",https://pilatesexplained.com/articles/what-happens-first-pilates-class.html?utm_source=pinterest&utm_medium=organic&utm_campaign=launch_2026&utm_content=what_happens_first_pilates_class,assets/graphics/blueprint-reformer.png,teal
Beginner Pilates,What Actually Happens in Your First Pilates Class: what to know,"Know what to wear, what cues you may hear, and what actually happens in a beginner Pilates class before you walk in. A clear editorial explainer for Pilates beginners, teachers, and curious movers.",https://pilatesexplained.com/articles/what-happens-first-pilates-class.html?utm_source=pinterest&utm_medium=organic&utm_campaign=launch_2026&utm_content=what_happens_first_pilates_class,assets/graphics/blueprint-reformer.png,teal
Pilates History,What Is Contrology?: beginner guide,"Read a clear Pilates history guide with context on Contrology, equipment, lineage, studio culture, and how the method reached modern beginners.",https://pilatesexplained.com/articles/what-is-contrology.html?utm_source=pinterest&utm_medium=organic&utm_campaign=launch_2026&utm_content=what_is_contrology,assets/graphics/dossier-pillars.png,teal
Pilates History,What Is Contrology?: history and context,"Read a clear Pilates history guide with context on Contrology, equipment, lineage, studio culture, and how the method reached modern beginners. Save this Pilates Explained article for beginner research, class planning, and method context.",https://pilatesexplained.com/articles/what-is-contrology.html?utm_source=pinterest&utm_medium=organic&utm_campaign=launch_2026&utm_content=what_is_contrology,assets/graphics/dossier-pillars.png,teal
Pilates History,What Is Contrology?: what to know,"Read a clear Pilates history guide with context on Contrology, equipment, lineage, studio culture, and how the method reached modern beginners. A clear editorial explainer for Pilates beginners, teachers, and curious movers.",https://pilatesexplained.com/articles/what-is-contrology.html?utm_source=pinterest&utm_medium=organic&utm_campaign=launch_2026&utm_content=what_is_contrology,assets/graphics/dossier-pillars.png,teal
Pilates Method Comparisons,What Is Lagree?: beginner guide,"Learn how Lagree differs from Pilates as a separate proprietary fitness system, with different equipment, tempo, programming, and business structure.",https://pilatesexplained.com/articles/what-is-lagree-not-pilates.html?utm_source=pinterest&utm_medium=organic&utm_campaign=launch_2026&utm_content=what_is_lagree_not_pilates,assets/graphics/graphic-2-reformer-vs-megaformer.svg,teal
Pilates Method Comparisons,What Is Lagree?: history and context,"Learn how Lagree differs from Pilates as a separate proprietary fitness system, with different equipment, tempo, programming, and business structure. Save this Pilates Explained article for beginner research, class planning, and method context.",https://pilatesexplained.com/articles/what-is-lagree-not-pilates.html?utm_source=pinterest&utm_medium=organic&utm_campaign=launch_2026&utm_content=what_is_lagree_not_pilates,assets/graphics/graphic-2-reformer-vs-megaformer.svg,teal
Pilates Method Comparisons,What Is Lagree?: what to know,"Learn how Lagree differs from Pilates as a separate proprietary fitness system, with different equipment, tempo, programming, and business structure. A clear editorial explainer for Pilates beginners, teachers, and curious movers.",https://pilatesexplained.com/articles/what-is-lagree-not-pilates.html?utm_source=pinterest&utm_medium=organic&utm_campaign=launch_2026&utm_content=what_is_lagree_not_pilates,assets/graphics/graphic-2-reformer-vs-megaformer.svg,teal
Pilates History,Who Was Joseph Pilates?: beginner guide,"Read a clear Pilates history guide with context on Contrology, equipment, lineage, studio culture, and how the method reached modern beginners.",https://pilatesexplained.com/articles/who-was-joseph-pilates.html?utm_source=pinterest&utm_medium=organic&utm_campaign=launch_2026&utm_content=who_was_joseph_pilates,assets/graphics/dossier-origin.png,teal
Pilates History,Who Was Joseph Pilates?: history and context,"Read a clear Pilates history guide with context on Contrology, equipment, lineage, studio culture, and how the method reached modern beginners. Save this Pilates Explained article for beginner research, class planning, and method context.",https://pilatesexplained.com/articles/who-was-joseph-pilates.html?utm_source=pinterest&utm_medium=organic&utm_campaign=launch_2026&utm_content=who_was_joseph_pilates,assets/graphics/dossier-origin.png,teal
Pilates History,Who Was Joseph Pilates?: what to know,"Read a clear Pilates history guide with context on Contrology, equipment, lineage, studio culture, and how the method reached modern beginners. A clear editorial explainer for Pilates beginners, teachers, and curious movers.",https://pilatesexplained.com/articles/who-was-joseph-pilates.html?utm_source=pinterest&utm_medium=organic&utm_campaign=launch_2026&utm_content=who_was_joseph_pilates,assets/graphics/dossier-origin.png,teal
Pilates Equipment Explained,"Why Pilates Reformers Use Springs, Not Weights: beginner guide",See why Pilates Reformers use springs instead of weights and how spring resistance can support and challenge controlled movement.,https://pilatesexplained.com/articles/why-springs-not-weights.html?utm_source=pinterest&utm_medium=organic&utm_campaign=launch_2026&utm_content=why_springs_not_weights,assets/graphics/dossier-resistance.png,teal
Pilates Equipment Explained,"Why Pilates Reformers Use Springs, Not Weights: history and context","See why Pilates Reformers use springs instead of weights and how spring resistance can support and challenge controlled movement. Save this Pilates Explained article for beginner research, class planning, and method context.",https://pilatesexplained.com/articles/why-springs-not-weights.html?utm_source=pinterest&utm_medium=organic&utm_campaign=launch_2026&utm_content=why_springs_not_weights,assets/graphics/dossier-resistance.png,teal
Pilates Equipment Explained,"Why Pilates Reformers Use Springs, Not Weights: what to know","See why Pilates Reformers use springs instead of weights and how spring resistance can support and challenge controlled movement. A clear editorial explainer for Pilates beginners, teachers, and curious movers.",https://pilatesexplained.com/articles/why-springs-not-weights.html?utm_source=pinterest&utm_medium=organic&utm_campaign=launch_2026&utm_content=why_springs_not_weights,assets/graphics/dossier-resistance.png,teal
Pilates History,Your Health : original Pilates book: beginner guide,"Read a clear Pilates history guide with context on Contrology, equipment, lineage, studio culture, and how the method reached modern beginners.",https://pilatesexplained.com/articles/your-health-1934-joseph-pilates-first-book.html?utm_source=pinterest&utm_medium=organic&utm_campaign=launch_2026&utm_content=your_health_1934_joseph_pilates_first_book,assets/brand/site-banner.svg,teal
Pilates History,Your Health : original Pilates book: history and context,"Read a clear Pilates history guide with context on Contrology, equipment, lineage, studio culture, and how the method reached modern beginners. Save this Pilates Explained article for beginner research, class planning, and method context.",https://pilatesexplained.com/articles/your-health-1934-joseph-pilates-first-book.html?utm_source=pinterest&utm_medium=organic&utm_campaign=launch_2026&utm_content=your_health_1934_joseph_pilates_first_book,assets/brand/site-banner.svg,teal
Pilates History,Your Health : original Pilates book: what to know,"Read a clear Pilates history guide with context on Contrology, equipment, lineage, studio culture, and how the method reached modern beginners. A clear editorial explainer for Pilates beginners, teachers, and curious movers.",https://pilatesexplained.com/articles/your-health-1934-joseph-pilates-first-book.html?utm_source=pinterest&utm_medium=organic&utm_campaign=launch_2026&utm_content=your_health_1934_joseph_pilates_first_book,assets/brand/site-banner.svg,teal
